<SCENE>

<!-- Initial values -->
<INITIALS>
    <frustum near="0.1" far="500"/>
    <translation x="-1" y="1" z="0" />
    <rotation axis="x" angle="0" />
    <rotation axis="y" angle="0" />
    <rotation axis="z" angle="0" />
    <scale sx="1" sy="1" sz="1" />
    <reference length="5" />
</INITIALS>


<!-- Illumination and clear colour -->
<ILLUMINATION>
    <ambient r="0.1" g="0.1" b="0.1" a="1" />
    <background r="0" g="0" b="0" a="1" />
</ILLUMINATION>


<!-- Lights -->
<LIGHTS>
	<LIGHT id="light0">
        <enable value ="1" />
        <position  x="0" y="10" z="0" w="1" />
        <ambient r="0.2" g="0.2" b="0.2" a="1.0" />
        <diffuse r="1.0" g="1.0" b="1.0" a="1.0" />
        <specular r="1.0" g="1.0" b="1.0" a="1.0" />
    </LIGHT>

	<LIGHT id="light1">
        <enable value ="1" />
        <position x="30" y="10" z="0" w="1" />
        <ambient r="0.2" g="0.2" b="0.2" a="1.0" />
        <diffuse r="1.0" g="1.0" b="1.0" a="1.0" />
        <specular r="1.0" g="1.0" b="1.0" a="1.0" />
    </LIGHT>

	<LIGHT id="light2">
        <enable value ="1" />
        <position x="0" y="10" z="20" w="1" />
        <ambient r="0.2" g="0.2" b="0.2" a="1.0" />
        <diffuse r="1.0" g="1.0" b="1.0" a="1.0" />
        <specular r="1.0" g="1.0" b="1.0" a="1.0" />
    </LIGHT>

    <LIGHT id="light3">
        <enable value ="1" />
        <position x="30" y="10" z="20" w="1" />
        <ambient r="0.2" g="0.2" b="0.2" a="1.0" />
        <diffuse r="0.6" g="0.6" b="0.6" a="1.0" />
        <specular r="0.6" g="0.6" b="0.6" a="1.0" />
    </LIGHT>

</LIGHTS>

<!-- Textures -->
<TEXTURES>
    <!-- Floor -->
    <TEXTURE id="rocks">
        <file path="latrunculiImages/rocks.jpg" />
        <amplif_factor s="1" t="1" />
    </TEXTURE>

    <!-- Sword and shield  work -->
    <TEXTURE id="swordBlade">
        <file path="latrunculiImages/swordblade.jpg" />
        <amplif_factor s="5" t="10" />
    </TEXTURE>

     <TEXTURE id="swordHandle">
        <file path="latrunculiImages/swordHandle.jpg" />
        <amplif_factor s="5" t="4" />
    </TEXTURE>

    <TEXTURE id="shieldTexture">
        <file path="latrunculiImages/shield.jpg" />
        <amplif_factor s="1" t="1" />
    </TEXTURE>

    <!-- pedestal bench -->
    <TEXTURE id="banco">
        <file path="latrunculiImages/bank.jpg" />
        <amplif_factor s="1" t="1" />
    </TEXTURE>

    <TEXTURE id="armor">
        <file path="latrunculiImages/steel.jpg" />
        <amplif_factor s="2" t="2" />
    </TEXTURE>

    <TEXTURE id="capeText">
        <file path="latrunculiImages/cape.jpg" />
        <amplif_factor s="1" t="1" />
    </TEXTURE>


</TEXTURES>


<MATERIALS>
  <MATERIAL id="steelMaterial">
    <shininess value="1" />
    <specular r="0.4" g="0.4" b="0.4" a="1" />
    <diffuse r="0.3" g="0.3" b="0.3" a="1" />
    <ambient r="0.4" g="0.4" b="0.4" a="1" />
    <emission r="0.0" g="0.0" b="0.0" a="1" />
  </MATERIAL>

	<!-- Tree trunk material -->
	<MATERIAL id="trunkTreeMaterial">
        <shininess value="1" />
        <specular r="0.0" g="0.0" b="0.0" a="1" />
        <diffuse r="0.6" g="0.298" b="0.0" a="1" />
        <ambient r="0.1" g="0.1" b="0.1" a="1" />
        <emission r="0.0" g="0.0" b="0.0" a="1" />
    </MATERIAL>

    <!-- Light bulb material -->
    <MATERIAL id="lightMaterial">
        <shininess value="100" />
        <specular r="0.5" g="0.5" b="0.5" a="1" />
        <diffuse r="0.5" g="0.5" b="0.5" a="1" />
        <ambient r="0.0" g="0.0" b="0.0" a="1" />
        <emission r="0.0" g="0.0" b="0.0" a="1" />
    </MATERIAL>

    <!-- A default material -->
    <MATERIAL id="defaultMaterial">
        <shininess value="1" />
        <specular r="0.0" g="0.0" b="0.0" a="1" />
        <diffuse r="0.4" g="0.4" b="0.4" a="1" />
        <ambient r="0.4" g="0.4" b="0.4" a="1" />
        <emission r="0.0" g="0.0" b="0.0" a="1" />
    </MATERIAL>

</MATERIALS>

<ANIMATIONS>
  <ANIMATION id="1" speed="1" type="linear">
    <controlpoint xx="0" yy="0" zz="0" />
    <controlpoint xx="0" yy="0" zz="3" />
    <controlpoint xx="-3" yy="0" zz="3" />
  </ANIMATION>
</ANIMATIONS>


<!-- The leaves -->
<LEAVES>
</LEAVES>


<!-- The nodes -->
<NODES>

    <ROOT id="root" />

    <!-- The root node -->
    <NODE id="root">
        <MATERIAL id="defaultMaterial" />
        <TEXTURE id="null" />
        <!--
        <SCALE sx="8" sy="1" sz="10" />
        <TRANSLATION x="0" y="0" z="4" />
        <ROTATION axis="x" angle="-90" />
        -->
        <DESCENDANTS>
          <NODEREF id="node1" />
          <NODEREF id="node2" />
          <NODEREF id="triangleNode"/>
          <NODEREF id="moverCone"/>
        </DESCENDANTS>

    </NODE>

    <NODE id="moverCone" selectable="true">
      <MATERIAL id="null" />
      <TEXTURE id="null" />
      <DESCENDANTS>
        <LEAF  type="cylinder" args="1 1 1 10 10 1 1"/>
        <NODEREF id="testChildMove"/>
      </DESCENDANTS>
      <ANIMATIONREFS>
          <ANIMATIONREF id="1" />
      </ANIMATIONREFS>
    </NODE>
    <NODE id="testChildMove">
      <MATERIAL id="null" />
      <TEXTURE id="null" />
      <TRANSLATION x="2" y="1" z="2" />
      <DESCENDANTS>
        <LEAF  type="sphere" args="1 10 10"/>
      </DESCENDANTS>
    </NODE>

    <NODE id="triangleNode" selectable="true">
        <MATERIAL id="null" />
        <TEXTURE id="null" />
        <TRANSLATION x="0" y="1.5" z="0" />
        <DESCENDANTS>
          <LEAF  type="triangle" args="0 1 0 -1 0 0 1 0 0"/>
        </DESCENDANTS>
    </NODE>
    <NODE id="node1">
        <MATERIAL id="trunkTreeMaterial" />
        <TEXTURE id="null" />
        <TRANSLATION x="2" y="0" z="0" />
        <DESCENDANTS>
          <LEAF  type="rectangle" args="-1 1 1 -1" />
          <NODEREF id="nullNode" />
          <NODEREF id="textNode" />
        </DESCENDANTS>
    </NODE>
    <NODE id="nullNode" selectable="true">
        <MATERIAL id="null" />
        <TEXTURE id="null" />
        <TRANSLATION x="-1" y="-1" z="0" />
        <DESCENDANTS>
          <LEAF  type="sphere" args="1 10 10" />
          <NODEREF id="nullNode2" />
          <NODEREF id="textNode2" />
        </DESCENDANTS>
    </NODE>
    <NODE id="nullNode2">
        <MATERIAL id="null" />
        <TEXTURE id="null" />
        <TRANSLATION x="-0.5" y="-1" z="0" />
        <DESCENDANTS>
          <LEAF  type="sphere" args="1 10 10" />
        </DESCENDANTS>
    </NODE>
    <NODE id="textNode2">
        <MATERIAL id="steelMaterial" />
        <TEXTURE id="null" />
        <TRANSLATION x="0.5" y="-1" z="0" />
        <DESCENDANTS>
          <LEAF  type="sphere" args="1 10 10" />
        </DESCENDANTS>
    </NODE>
    <NODE id="textNode" selectable="true">
        <MATERIAL id="steelMaterial" />
        <TEXTURE id="null" />
        <TRANSLATION x="1" y="-1" z="0" />
        <DESCENDANTS>
          <LEAF  type="cylinder" args="1 1 1 10 10 1 1" />
          <NODEREF id="shaderChild1"/>
        </DESCENDANTS>
    </NODE>
    <NODE id="shaderChild1">
        <MATERIAL id="null" />
        <TEXTURE id="null" />
        <TRANSLATION x="1" y="0" z="0" />
        <DESCENDANTS>
          <LEAF  type="cylinder" args="1 1 1 10 10 1 1" />
          <NODEREF id="shaderChild2"/>
        </DESCENDANTS>
    </NODE>
    <NODE id="shaderChild2" selectable="false">
        <MATERIAL id="null" />
        <TEXTURE id="null" />
        <TRANSLATION x="1" y="0" z="0" />
        <DESCENDANTS>
          <LEAF  type="cylinder" args="1 1 1 10 10 1 1" />
        </DESCENDANTS>
    </NODE>
    <NODE id="node2">
        <MATERIAL id="defaultMaterial" />
        <TEXTURE id="null" />
        <TRANSLATION x="-2" y="0" z="0" />
        <DESCENDANTS>
          <LEAF  type="rectangle" args="-1 1 1 -1" />
        </DESCENDANTS>

    </NODE>
</NODES>

</SCENE>
